code,name
110999999,Patrimoni - Migracio ERP
130999999,Subvencions - Migracio ERP
149999999,Passiu no corrent i provisions ll/t - Migracio ERP
200999999,Immovilitzat - Migracio ERP
249999999,Inv financeres ll/t - Migracio ERP
280999999,AA Immovilitzat - Migracio ERP
299999999,Deteriorament Immovilitzat - Migracio ERP
300999999,Existencies - Migracio ERP
400999999,Proveidores i Creditores - Migració ERP
430999999,Clients i deutors - Migracio ERP
470999999,Admin. Publiques - Migracio ERP
480999999,Ajustos i provisions - Migracio ERP
500999999,Passiu i inv.fin. c/t - Migracio ERP
550999999,Comptes no bancaris i transitoris - Migracio ERP
560999999,Fiances - Migracio ERP
570999999,Tresoreria - Migracio ERP
580999999,Actius Mantinguts Venda i deter. c/t - Migracio ERP
620999999,Serveis exteriors - Migracio ERP
630999999,Tributs i despeses excepcionals - Migracio ERP
700999999,"Vendes, descomptes i rappels - Migracio ERP"
710999999,Variacions existencies i ingr. varis - Migracio ERP
800000000,Despeses imputades a PN - Migracio ERP
900000000,Ingressos imputats a PN - Migracio ERP
100000000,Capital social obligatori
100100000,Capital social voluntari
112000001,Fons de reserva obligatori
113000000,Reserves voluntaries
113000001,Reserva provisio LISMI
114600000,Reserva de capitalitzacio
129000000,Resultat exercici
130000000,Subvencions capital
148000000,"Provisio Fons Educacio Formacio i Promocio, llarg termini"
163000000,Aportacions voluntaries
163500000,Prestecs Generation kWh
170000013,Credit Coop57
172000014,Subvencions - Singulars 5 Som Creixement Sostenible
180000000,Fiances ll/t
201000002,Desenvolupament CRM (Singulars)
206000008,Nova web
206000020,Oficina Virtual
206000021,Centraleta virtual
206000022,Aplicacions informatiques CCEE (Singulars)
206000023,Programa Informatic SAGE X3 V12 - ODOO
206000025,Programa Gestio Laboral
206000026,Aplicacions informatiques CCEE (Singulars II)
206000027,Programari OpenProject gestio de projectes Agile per Som Comunitats
206000028,"Som Creixement 2024-25 - Cataleg de serveis, tarifes i mapa d'autoconsum"
206000029,Som Creixement 2024-25 - Pagina WEB
206000030,Som Creixement 2024-25 - servei de flexibilitat i desenvolupament de hardware
206000031,Som Creixement 2024-25 - Plataforma digital de participacio (Decidim) renovada
206000032,Som Creixement 2024-25 - ERP i Oficina Virtual del servei de representacio
206000033,Interface Odoo - ERP
210000003,TERRENY C/ Riu Güell
211000002,OFICINES C/ Riu Güell
211000003,PARQUINGS C/ Riu Güell (25 PLACES)
212000005,F.V. MAS PINOS
215000000,Altres instalacions
215000001,Sistema Alarmes
216000028,MOBLES 3r TRIMESTRE 2019
216000029,MOBLES 4t TRIMESTRE 2019
216000030,MOBLES 1r TRIMESTRE 2020
216000031,Cortines Jungla (2021)
216000032,30 CADIRES ATIKA
216000033,CADIRES ATIKA 1T 2023
216000034,TAULA PLEGABLE AMB RODES FOLIO
216000036,MOBILIARI 2T 2023
216000037,MOBILIARI 3T 2023
216000038,MOBILIARI 1T 2024
216000039,MOBILIARI 1T 2025
216000040,MOBILIARI 3T 2025
216000041,MOBILIARI 4T 2025
216000042,MOBILIARI 1T 2026
217000055,IMPRESSORA ECOSYS M254DN (Serie VGC8Y06220)
217000061,DOS SERVIDORS D'ALTES PRESTACIONS I DISPONIBILITAT SWITCH 10 GBIT I LLICeNCIA VMWARE
217000062,ORDINADORS 1T 2021
217000063,ORDINADORS 2T 2021
217000064,ORDINADORS 3T 2021
217000065,ORDINADORS 4T 2021
217000066,ORDINADORS 1T 2022
217000067,ORDINADORS 2T 2022
217000068,ORDINADORS 3T 2022
217000069,ORDINADORS 4T 2022
217000070,ORDINADORS 1T 2023
217000071,PANTALLES ORDINADORS 2T 2023
217000072,ORDINADORS 2T 2023
217000073,ORDINADORS 3T 2023
217000074,ORDINADORS 4T 2023
217000075,PANTALLES ORDINADORS 4T 2023
217000076,ORDINADORS 1T 2024
217000077,PANTALLES ORDINARDOR 2T 2024
217000078,TECLATS ORDINARDOR 2T 2024
217000079,ORDINARDORS 3T 2024
217000080,Apple 2024 MacBook Air de 13 Pulgadas con Chip M3 de Apple ASIN:B0CX23NJD6
217000082,ORDINARDORS 1T 2025
217000083,Hardware CPD - Maquinari Sala Maquines
217000084,ORDINADORS 4T 2025
217000085,ORDINADORS 1T 2026
217000086,ORDINADORS 2T 2026
217000087,3 x New Supermicro Server rack 1U
219000033,"Telefonrealme Narzo 50A Prime - 4+64GB smartphone, Pantalla completa FHD"
219000034,"Telefon Xiaomi Redmi Note 12 4G - Smartphone de 8+256 GB, Pantalla de 6.67"" AMOLED FHD+ 120 Hz"
219000035,"4 Telefons realme Telefono Movil Note 50 4G 4+128GB, Pantalla Realista de 90 Hz"
219000036,Nothing Phone (2a) Plus 12+256GB - Smartphone con Camara Frontal ASIN:B0D95SK41T
231000002,PV ALCOLEA DEL RIO
231000004,FC OLESA DE MONTSERRAT (Gurb-ce implementa)
240300000,Participacions ll/t en EEGG
240400000,Participacions ll/t en empreses associades
240500000,Partcipacions ll/t en altres parts vinculades
242300000,Credits a ll/t amb parts vinculades
242310000,Prestecs participatius ll/t amb EEGG
242320000,Polissa ll/t amb parts vinculades
242400000,Prestecs ll/t amb empreses associades
250000000,Inversions financeres a ll/t en instruments de patrimoni
252000000,Credits a ll/t
265000000,Diposits a ll/t
280100002,A.A. Desenvolupament CRM (SINGULARS)
280600008,A.A. Nova web
280600020,A.A. Oficina Virtual
280600021,A.A. Centraleta virtual
280600022,A.A. Aplicacions Informatiques CCEE (Singulars)
280600023,A.A. Programa Informatic Odoo
280600025,A.A. Programa Gestio Laboral
280600026,A.A. Plataforma Singulars II
280600027,A.A. OpenProject gestio de projectes Agile Som Comunitats
280600028,"A.A. Som Creixement 2024-2025 Cataleg serveis, tarifes i mapa autoconsum"
280600029,A.A. Som Creixement 2024-2025 Nova pagina web
280600030,A.A. Som Creixement 2024-2025 Servei Flexibilitat i develop hadware
280600031,A.A. Som Creixement 2024-2025 Plataforma Digital Participacio (DECIDIM)
280600032,A.A. Som Creixement 2024-2025 ERP i OV Servei Representacio
281100000,A.A. de Construccions
281100002,A.A. Oficines C/ Riu Güell
281100003,A.A. Aparcaments C/ Riu Güell (25 places)
281200005,A.A. FV Mas Pinos
281600028,A.A. Mobles 3T 2019
281600029,A.A. Mobles 4T 2019
281600030,A.A. Mobles 1T 2020
281600031,A.A. Cortines Jungla (2021)
281600032,A.A. 30 cadires Atika
281600033,A.A. cadires Atika 1t/2023
281600034,A.A. Taules plegables amb rodes Folio
281600036,A.A. Mobiliari 2T 2023
281600037,A.A. Mobiliari 3T 2023
281600038,A.A. Mobiliari 1T 2024
281600039,A.A. Mobiliari 1T 2025
281600040,A.A. Mobiliari 3T 2025
281600041,A.A. Mobiliari 4T 2025
281700053,A.A. ORDINADORS 3T 2019
281700054,A.A. ORDINADORS 4T 2019
281700055,A.A. IMPRESSORA ECOSYS M254DN
281700056,A.A. ORDINADORS 1T 2020
281700057,A.A. ORDINADORS 2T 2020
281700058,A.A. ORDINADORS 3T 2020
281700059,A.A. FIREWALL FORTIGATE 80E UTM
281700060,A.A. ORDINADORS 4T 2020
281700061,A.A. DOS SERVIDORS D'ALTES PRESTACIONS I DISPONIBILITAT SWITCH 10 GBIT I LLICENCIA VMWARE
281700062,A.A. ORDINADORS 1T 2021
281700063,A.A. ORDINADORS 2T 2021
281700064,A.A. ORDINADORS 3T 2021
281700065,A.A. ORDINADORS 4T 2021
281700066,A.A. ORDINADORS 1T 2022
281700067,A.A. ORDINADORS 2T 2022
281700068,A.A. ORDINADORS 3T 2022
281700069,A.A. ORDINADORS 4T 2022
281700070,A.A. ORDINADORS 1T 2023
281700071,A.A. PANTALLES ORDINADORS 2T 2023
281700072,A.A. ORDINADORS 2T 2023
281700073,A.A. ORDINADORS 3T 2023
281700074,A.A. ORDINADORS 4T 2023
281700075,A.A. PANTALLES ORDINADORS 4T 2023
281700076,A.A. ORDINADORS 1T 2024
281700077,A.A. PANTALLES ORDINADORS 2T 2024
281700078,A.A. TECLATS ORDINADORS 2T 2024
281700079,A.A. ORDINADORS 3T 2024
281700080,A.A. APPLE 2024 MacBook Air ASIN B0CX23NJD6
281700082,A.A. ORDINADORS 1T 2025
281700083,A.A. HARDWARE CPD Sala Maquines
281700084,A.A. ORDINADORS 4T 2025
281900033,A.A. Telefon fornealme Narzo 50A prime
281900034,A.A. Telefon xiaomi Redmi Note 12
281900035,"A.A. 4 Telefons realme Telefono Movil Note 50 4G 4+128GB, Pantalla Realista de 90 Hz"
281900036,A.A. Nothing Phone (2a) Plus 12+256GB - Smartphone con Camara Frontal ASIN:B0D95SK41T
293000002,DEPRECIACIO MAKASSAR
293300004,DEPRECIACIO INECO
293300005,DEPRECIACIO ENERGES GAMMA BLANCO SLU
293300006,DEPRECIACIO TERBORG
293300007,DEPRECIACIO FONTIVSOLAR
293300009,DEPRECIACIO AALSMEER
293300010,DEPRECIACIO CASTRICUM
293300011,DEPRECIACIO BETONDORP
293300013,DEPRECIACIO ELECTROGEN
293300014,DEPRECIACIO SOM RENOVABLES
293300017,DEPRECIACIO ARQUETA
293300018,DEPRECIACIO CANGI SOLAR
294300009,DETERIORAMENT PRESTEC AALSMER
294300010,DETERIORAMENT PRESTEC CASTRICUM
294300011,DETERIORAMENT PRESTEC BETONDORP
294300014,DETERIORAMENT PRESTEC SOM RENOVABLES
400000100,Proveidores - Distribuidores
400000000,Proveidores
400000700,Proveidores - ET
400000200,Proveidores - REE
400000300,Proveidores - MEFF
400000400,Proveidores - OMIE
400000500,Proveidores - CNMC
400000600,Proveidores - GRUPS LOCALS
400900100,Proveidors factures pendents - Distribuidores
400900200,Proveidors factures pendents - REE
400900800,Proveidors factures pendents - PPAs
403000000,Proveidores - EEGG
410000000,Creditores per prestacions de serveis
410000100,Creditores per Bo Social REPRESENTACIO
410900000,Creditores per prestacions de serveis - factures pendents
410900900,Creditores - FNEE factures pendents
419000000,Cobraments a compte
430000000,Clients
430900000,"Clients, factures pendents de formalitzar"
431000000,Clients - Compte pont de remeses
431000200,Efectos comercials en gestio de cobrament
436000200,Efectes comercials impagats
436000000,Clients de dubtos cobrament
431000100,Cobros fraccionats
438000000,Anticips clients (Bateria virtual)
440000000,Deutors
460000000,Bestretes
465000000,Deutors per remuneracions pendents
470000000,"HP, deudora por IVA AEAT"
470000001,"HP, deudora por IVA ALAVA"
470000003,"HP, deudora por IVA BIZKAIA"
470000002,"HP, deudora por IVA GUIPUZKOA"
470000004,"HP, deudora por IVA NAVARRA"
470800009,SUBVENCIO SINGULARS - SOM SERVEIS - GENERALITAT
470800013,SUBVENCIO SINGULARS - IMPULS
470800014,SUBVENCIO SINGULARS CREIXEMENT SOSTENIBLE
470900000,"HP, deudora por IS AEAT"
470900004,"HP, deudora por IS NAVARRA"
470900003,"HP, deudora por IS BIZKAIA"
470900002,"HP, deudora por IS GUIPUZKOA"
472003100,HP. IGIC soportado 3%
472005100,HP. IGIC soportado 5%
472007100,HP. IGIC soportado 7%
472004000,HP. IVA soportado 4%
472010000,HP. IVA soportado 10%
472021001,HP. IVA Suportat Intracomunitari 21%
472021000,HP. IVA soportado 21%
472021002,HP. IVA Soportado Sujeto Pasivo 21%
473000002,RETENCIONS C.C. CAIXA POPULAR
473000005,RETENCIONS C.C. ENGINYERS
473000006,RETENCIONS IMPOSICIO ENGINYERS
473000009,RETENCIONS LA CAIXA
473000012,RETENCIONS CAJAMAR
473000015,RETENCIONS BANKINTER
473000013,RETENCIONS LABORAL
473000100,RETENCIONS interessos OMIE
473000300,RETENCIONS interessos PRESTECS CONCEDITS
473000301,RETENCIONS interessos PRESTECS CONCEDITS 10%
473111015,HP. Retenciones a cuenta act. profesionales 15%
473111019,"HP. Retenciones a cuenta arrendamientos, cap. mobiliario 19%"
474200000,Derechos por deducciones y bonificaciones pendientes de aplicar
474500023,Credito por perdidas a compensar 2023
474500024,Credito por perdidas a compensar 2024
474500025,Credito por perdidas a compensar 2025
474600000,Actius reserva capitalitzacio pendent
475000000,"HP, acreedora por IVA"
475100000,"HP, acreedora por retenciones practicadas"
475111000,HP acreedora por retenciones practicadas M.111
475115000,HP acreedora por retenciones practicadas M.115
475111015,HP. Retenciones act. profesionales 15%
475111019,"HP. Retenciones arrendamientos, cap. mobiliario 19%"
475123001,IRPF 19% GENERATION KWh
475123002,IRPF 19% (Prestec Coop57)
475123000,IRPF Retencions Model 123
475150000,"PROVISIO TAXA 1,5% (2022 i anteriors)"
475150001,"PROVISIO TAXA 1,5% (facturacio pendent)"
475150231,"PROVISIO TAXA 1,5% (2023 1T)"
475150232,"PROVISIO TAXA 1,5% (2023 2T)"
475150233,"PROVISIO TAXA 1,5% (2023 3T)"
475150234,"PROVISIO TAXA 1,5% (2023 4T)"
475150241,"PROVISIO TAXA 1,5% (2024 1T)"
475150242,"PROVISIO TAXA 1,5% (2024 2T)"
475150243,"PROVISIO TAXA 1,5% (2024 3T)"
475150244,"PROVISIO TAXA 1,5% (2024 4T)"
475150251,"PROVISIO TAXA 1,5% (2025 1T)"
475150252,"PROVISIO TAXA 1,5% (2025 2T)"
475150253,"PROVISIO TAXA 1,5% (2025 3T)"
475150254,"PROVISIO TAXA 1,5% (2025 4T)"
475150261,"PROVISIO TAXA 1,5% (2026 1T)"
475150262,"PROVISIO TAXA 1,5% (2026 2T)"
475150263,"PROVISIO TAXA 1,5% (2026 3T)"
475150264,"PROVISIO TAXA 1,5% (2026 4T)"
475600100,HP creditora Impost Electricitat
475600000,HP creditora Impost Electricitat AEAT
475600003,HP creditora Impost Electricitat BIZKAIA
475600002,HP creditora Impost Electricitat GUIPUZKOA
475600004,HP creditora Impost Electricitat NAVARRA
475600001,HP creditora Impost Electricitat ALAVA
475000100,HP creditora IGIC
475900000,HP acreedora por otros conceptos
476000000,Seguretat Social creditora
477003100,HP. IGIC repercutido 3%
477007100,HP. IGIC repercutido 7%
477005000,HP. IVA repercutido 5%
477010000,HP. IVA repercutido 10%
477021000,HP. IVA repercutido 21%
477021001,HP. IVA Repercutit Intracomunitari 21%
477021002,HP. IVA Repercutit Sujeto Pasivo 21%
479000001,Passius per diferencies SUBVENCIO MAS PINOS
480000000,Despeses anticipades
490000000,Deterioro valor por operaciones comerciales
520000013,Deutes a c/t - Coop57
520100005,Polissa a c/t - Caixa Enginyers
520100011,Polissa a c/t - Fiare
520100012,Polissa a c/t - Cajamar
521000000,Donatiu Energetica
521000001,Donatiu Candela
521100000,TARGETA LABORAL 0127
521100001,TARGETA TRIODOS
521100002,TARGETA VISA NURI 3019
521100003,TARGETA CAJAMAR (MARC)-8571(6461)
521100004,TARGETA CAJAMAR (CARLES)-6439(6713)
521100005,TARGETA CAJAMAR (LEO MAENNER PROJECTES) - 4317(7150)
521100006,TARGETA CAJAMAR (CARLES COMALADA PROJECTES)-4291(7143)
521100007,TARGETA CAJAMAR (CONSELL RECTOR)-5972(7235)
521100008,TARGETA BANKINTER (MARTA DONCEL) - 8533
521100009,TARGETA BANKINTER (VICTOR CARREÑO) - 9499
528000000,Provisio interessos aportacions voluntaries
532300000,Credits a c/t amb parts vinculades
532400000,Prestecs c/t amb empreses associades
540000000,Inversions financeres a c/t en instruments de patrimoni
542000000,Altres prestecs c/t
547011000,Interessos cc Fiare
547015001,Interessos IP Bankinter VT 19/11/26
547005001,Interessos IP Enginyers VT 04/12/2025
547015002,Interessos IP Bankinter VT 31/10/26
547400003,Interessos prestec MECISE
547400001,Interessos CSV Coop 57
548012001,IMPOSICIO CAJAMAR I
548012002,IMPOSICIO CAJAMAR II
548015001,IMPOSICIO BANKINTER VT 31/10/2026
548015002,IMPOSICIO BANKINTER VT 19/11/2026
548005001,IMPOSICIO ENGINYERS VT 04/03/26
548005002,IMPOSICIO ENGINYERS VT 04/03/26
548007001,IMPOSICIO LABORAL VT 22/05/2027
548005003,IMPOSICIO ENGINYERS VT 04/12/26
552300000,Comptes corrents amb EEGG
552400000,Comptes corrents amb entitats vinculades
555000000,Partides pendents d'aplicacio
555000001,CAIXA
555000002,CAIXA TRANSFERENCIES
555000003,CAIXA SOCIS
555000004,CAIXA GKWH
555000006,PAGAMENTS ALTRES DISTRIBUIDORES
555000007,PAGAMENTS NATURGY
555000008,PAGAMENTS ENDESA
555000009,PAGAMENTS IBERDROLA
555000011,CAIXA APORTACIONS
555000013,"PROVISIO FONS NOTARIS, PROCURADORS"
565000300,GARANTIES MEFF
565000010,GARANTIES RENTA 4
565000016,GARANTIES BANCA MARCH
570000000,"Caixa, euros"
570000002,CAIXA GRUP LOCAL BCN
570000004,DIARI DEVOLUCIONS REBUTS
572000000,ARQUIA BANK
572000002,CAIXA POPULAR
572000004,TRIODOS BANK
572000005,CAIXA ENGINYERS
572000007,CAJA LABORAL KUTXA
572000008,CAIXA ENGINYERS - INVERSIONS
572000009,CAIXABANK
572000010,RENTA-4
572000011,FIARE
572000012,CAJAMAR
572000013,CAJA LABORAL (SUPER CUENTA)
572000015,BANKINTER
572000016,BANCA MARCH
572000100,ARQUIA GL Barcelona
572000102,ARQUIA GL Madrid
572000103,ARQUIA GL Lleida
572000104,ARQUIA GL Energia Gara
572000107,ARQUIA GL Valencia
600000000,Compres mercaderies
600000001,Compres Energia Mercat
600000002,Compres Energia Prima
600000003,"Serveis Operador OM, OS , Remit"
600999999,Aprovisionament - Migracio ERP
600000010,Cobertures Mercats Futurs
600000009,Estoc compra d'energia
600000012,Gestió de Mercat (Neuro)
600000011,Comissions cobertures energia futurs
600000008,Liquidacions PPA'S
600000100,CARRECS DISTRIBUIDORES LLOGUER COMPTADORS
600000101,CARRECS DISTRIBUIDORES POTENCIA
600000102,CARRECS DISTRIBUIDORES REACTIVA
600000103,CARRECS DISTRIBUIDORES ALTRES
600000104,CARRECS DISTRIBUIDORES PEATGES
600000200,ESTOC CARRECS PENDENTS DISTRIS
600000300,"Taxa 1,5% ocupacio via publica"
600000301,Impost 7% sobre la produccio
600000400,Liquidacio Bo Social
600000500,Fondo Nacional Eficiencia Energetica
600000501,CAEs
600000600,Certificats Garantia d'Origen
600700001,Compres Representacio OMIE-MEFF-REE
600700002,Compres Representacio CNMC Retribucio
600700003,Compres Representacio Remit  i OS
600100000,Compres de mercaderies adscrites al FEFP
600000013,Servei Disponibilitat
601000000,Compres de materies primeres
601100000,Compres de materies primeres adscrites al FEFP
602000000,Compres d’altres aprovisionaments
602100000,Compres d’altres aprovisionaments adscrits al FEFP
603000000,Compres efectuades a socis
606000000,Descomptes sobre compres per pagament immediat de mercaderies
606100000,Descomptes sobre compres per pagament immediat de primeres materies
606200000,Descomptes sobre compres per pagament immediat d’altres aprovisionaments
606300000,Descomptes sobre compres per pagament a socis
607000000,Treb. Realitzat Altres
607000001,Treb. Realitzat Altres - gestio Compr energia (Omie-MEFF)
607100000,Serveis tecnics de Manteniment preventiu
607700000,Serveis representacio Mercat MM/YYYY
607200000,Treb. Realitzats altres : Promocio
607000002,Treb. Realitzats altres : Energetica
608000000,Devolucions de compres de mercaderies
608100000,Devolucions de compres de primeres materies
608200000,Devolucions de compres d’altres aprovisionaments
608300000,Devolucions de compres efectuades a socis
609000000,Rapels per compres de mercaderies
609100000,Rapels per compres de primeres materies
609200000,Rapels per compres d’altres aprovisionaments
609300000,Rapels per compres efectuades a socis
611000000,Variacio d’existencies de primeres materies
612000000,Variacio d’existencies d’altres aprovisionaments
617000000,Variacio d’existencies adquirides a socis
620000000,Despeses en recerca i desenvolupament de l’exercici
620100000,Despeses en recerca i desenvolupament de l’exercici adscrites al FEFP
621000000,Lloguer Oficines
621000001,Lloguers Sales
621000002,Lloguer Vehicles
621000003,Lloguer Altres
621000010,Lloguer Terrenys de Plantes produccio
621000011,Canon Plantes produccio
621000020,Lloguers Maquinaria
621000100,Lloguer de SERVIDORS
621000101,Lloguers Altres IT
622000000,Rep.i Mant. - Varis
623000018,Gestor Correus (Mailchimp-HelpScout)
622000001,Rep.i Mant. - Edificis
622000002,Rep.i Mant. - Solars
622000003,Rep.i Mant. - Maquinaria
622000004,Rep.i Mant. - Utillatge i petit equipament
622000005,Rep.i Mant. - Intal·lacions
622000006,Rep.i Mant. - Mobiliari
622000007,Rep.i Mant. - Eq. Proc. Informacio
622000008,Rep.i Mant. - Vehicles
622000009,Rep.i Mant. - Altre immobilitzat
622000010,Rep i Mant. - Equips generacio
622000011,Rep i Mant. - Equips Electrics
622000012,Rep i Mant. - Equips Mecanics i Hidraulics
622000013,Rep i Mant. - Equips Electronics
622000014,Rep i Mant. - Obra Civil
622000015,Rep i Mant. - Jardineria (Desbroce)
622000016,Rep i Mant. - Sistemes Neteja
622000017,Rep i Mant. - Sistemes Vigilancia i Seguretat
629000019,Altres Serveis - Llicenciences de Programes i similars
622000018,Gestio d'Actius Serveis O&M i materials associats
622100000,Reparacions i conservacio adscrites al FEFP
623000099,Altres Serv. prof. indep
623000002,Notaries
623000003,Gestors Administratius
623000001,Juridics i Mercantils
623000004,Registres i marques
623000005,Compliance i etica
623000006,Auditories (no comptables)
623000011,Registres i Taxes
623000008,Formacions o Formadors externs
623100008,FEFP Formacions o Formadors externs
623000014,Traduccio i Correcio
623000007,RRHH externs
623000009,Serv. prev. riscos (5 arees)
623000010,Coordinacio activitats Empresarials
623000000,Assessoria Fiscal
623000012,Facilitacio i Cures (CR+ET)
623000013,Processos Organitzatius
623000015,Diseny
623100015,FEFP Disseny
623000016,Despeses Procediments Judicials
623000050,Auditories Comptables
623000017,Recobraments
623000038,Serveis Sostenibilitat
623000024,Serv. Tecnics i Inpeccions
629000013,Altres Serveis - Informes Comercials (Axesor)
623000025,Estudis i Assesorament
623100025,Estudis i Assesorament FEFP
623000027,Enginyeries
623000028,Prediccio Meteorologica
623000029,Prediccio Demanda KWh
623000030,Energetica (Comer)
623000031,Signatura Digital
623000032,Representacio Mercat
623000033,Servei alarmes
623000034,Servei analitiques
623000035,Servei proteccio dades
623000036,Desratitzacio
623000037,Telemesura
623000019,Serv. Informatics
623000020,Serv. Informatics Web-Apps
623000021,Serv. Informatics ERP
623000022,Serv. Informatics Programacio
623000023,Serv. Informatics Prog. Comptabilitat
623300000,Serveis de Plataforma Som Comunitats
623400000,Despeses Gestio Plantes tercers
623000039,Despeses benestar ET
623100099,Altres FEFP
624000000,Transports Varis
624000001,Missatgeries
624000002,Certificacions Postals i Digitals i Correus
625000000,Assegurances - Resp. Civil
625000001,Assegurances - Tot Risc
625000002,Assegurances - Administradors i Directius
625000003,Assegurances - Oficines
625000004,Assegurances - Conveni
625000005,Assegurances - Assistencia Juridica
625000006,Assegurances - Accidents Colectius
625000007,Assegurances - Medioambiental
625000009,Assegurances - Altres
626000000,Serv. Bancarios - Com Bancaries
626000001,Serv. Bancarios - Com. Cobrament Rebuts
626000002,Serv. Bancarios - Com. Devolucio Rebuts
626000004,Serv. Bancarios - Fiances i Garanties
626000005,Serv. Bancarios - Obertura i Renovacio Polises
626000009,Serv. Bancarios - Arrodoniments
626000006,Serv. Bancarios - Agregador Bancari
626000003,Serv. Bancarios - Costos Avals
627000000,Publicitat
627000004,Disseny i Marca
627000001,Col·laboracions
627000003,Merchandising
627000012,Gabinet Premsa
627000006,"Fires, Estands, Congresos"
627000007,Catalegs
627000008,"Material Fotografic, Audiovisual"
627000009,Imatge Som Energia
627000010,Esponsoritzacions
627000018,Serv. Publicitat i Rel Publiques - Altres
627000005,Anuncis i marketing digital
627000002,Borme
627000011,Serv. Pub.RRPP-Celebracions
628000001,Subministraments - Aigua
628000002,Subministraments - Combustible
629000000,Altres Serveis - Telefonia oficines i altres
628000009,Subministraments - Altres
628000000,Subministraments - Electricitat
629000003,Altres Serveis - Telefonia Grups Locals
629000002,Altres Serveis - Telefonia del ET
629000099,Altres Serveis - Diversos
629000001,Altres Serveis - Telefonia Internet/Dades
629000004,"Altres Serveis - Llicencies, Certificats i Tram. Administratives"
629000005,Altres Serveis - Despeses Estades i Viatges ET
629000006,Altres Serveis - Despeses Estades i Viatges ALTRES
629000007,Altres Serveis - Despeses CR + IdC
629000021,Altres Serveis - Material Oficina
629000008,Altres Serveis - Despeses ET (Teet i similars)
629000009,Altres Serveis - Despeses Grups Locals
629100009,Altres Serveis - Despeses Grups Locals FEFP
629000010,Altres Serveis - Actes i Celebracions Cooperativa
629000014,Altres Serveis - MULTES I SANCIONS / desp. No deduibles
629000015,Altres Serveis - Quotes Col·legis i Assoc. Profesionals
629000016,"Altres Serveis - Quotes Cooperatives, Assoc. I Fundacions"
629000036,Proces Organitzatiu
629000018,Altres Serveis - Serveis Google
629000020,Altres Serveis - Recupera El Sol (GLs)
629000022,Altres Serveis - Software
629000027,Altres Serveis - Sist. Prot. Incendis
649000000,Altres despeses socials (formacio ET)
629000031,Productes i serveis de neteja
629000033,DESENVOLUPAMENT EINA GESTIO I DEMANDA D'ENERGIA
649000001,Altres despeses socials (servei prevencio riscos)
629000012,Altres despeses - Pobresa Energetica
629000028,Altres Serveis - BBDD Juridica
649000002,Altres despeses socials (PIO)
649000099,Altres despeses socials (comissions i varis)
629000030,Despeses Comunitat Propietaries
629000200,DESPESES SINGULARS V (Creixement Sostenible)
629000032,Despeses Assamblea General
629000035,Despeses Escola
629000034,Despeses Gran Conversa
629000301,Servei No Disponibilitat
630000000,Impost Corrent
630100000,Impost diferit
631000000,Altres tributs - VARIS
631000002,TAXES MUNICIPALS - IBI
631000001,IAE
631000003,Taxes Municipals - Escombraries
631000004,Taxes - IBICE
633000000,Ajustos negatius en la imposicio sobre beneficis
634000000,Ajustos negatius en la imposicio indirecta
634100000,Ajustos negatius en IVA d’actiu corrent
634200000,Ajustos negatius en IVA d’inversions
636000000,Devolució d’impostos
638000000,Ajustos positius en la imposició sobre beneficis
639100000,Ajustos positius en IVA d’actiu corrent
639200000,Ajustos positius en IVA d’inversions
640000000,Sous i salaris
641000000,Indemnitzacions
642000000,Seguretat Social a càrrec de l’empresa
643000000,Retribucions a llarg termini mitjançant sistemes d’aportació definida
644000000,Retribucions a llarg termini mitjançant sistemes de prestació definida - Contribucions anuals
644200000,Retribucions a llarg termini mitjançant sistemes de prestació definida - Altres costos
645000000,Retribucions al personal liquidades amb instruments de patrimoni
645700000,Retribucions al personal liquidats en efectiu basat en instruments de patrimoni
647000000,Retribució als socis treballadors
650000000,Pèrdues de crèdits comercials incobrables
650000001,Pèrdues crèdits-Pobresa energètica
651000000,Benefici transferit (gestor)
651100000,Pèrdua suportada (partícip o associat no gestor)
654000000,Despeses afectes al FEFP - Donatius i premis
654000001,Despeses FEFP Donatius i Accions - Pobresa energètica
654200000,Serveis exteriors afectes al FEFP
656000000,Interessos de les aportacions al capital social i altres fons
657000000,Dotació al FEFP
659000000,Altres pèrdues en gestió corrent
660000000,Despeses financeres per actualització de provisions
661000000,"Interessos d’obligacions i bons a llarg termini, empreses del grup"
661100000,"Interessos d’obligacions i bons a llarg termini, empreses associades"
661200000,"Interessos d’obligacions i bons a llarg termini, altres parts vinculades"
661300000,"Interessos d’obligacions i bons a llarg termini, altres empreses"
661500000,"Interessos d’obligacions i bons a curt termini, empreses del grup"
661600000,"Interessos d’obligacions i bons a curt termini, empreses associades"
661700000,"Interessos d’obligacions i bons a curt termini, altres parts vinculades"
661800000,"Interessos d’obligacions i bons a curt termini, altres empreses"
662000000,Interessos de deutes - Grup C/C
662400001,Interessos Aport. Voluntàries
662400002,Interessos Títols Participatius
662400100,Interessos Confirmings
662400200,"Interessos de deutes, administracions i sancions"
662100000,"Interessos de deutes, empreses associades"
662200000,"Interessos de deutes, altres parts vinculades"
662000001,"Interessos de deutes,Grup - Pòlises i Crèdits"
662000002,"Interessos de deutes,Grup - Credits Participatius"
662300000,Interessos de deutes amb entitats de crèdit
662400000,"Interessos de deutes, altres empreses"
663000000,Pèrdues de cartera de negociació
663100000,Pèrdues de designats per l’empresa
663200000,Pèrdues de disponibles per a la venda
663300000,Pèrdues d’instruments de cobertura
664000000,"Dividends de passius, empreses del grup"
664100000,"Dividends de passius, empreses associades"
664200000,"Dividends de passius, altres parts vinculades"
664300000,"Dividends de passius, altres empreses"
665000000,Interessos per descompte d’efectes en entitats de crèdit del grup
665100000,Interessos per descompte d’efectes en entitats de crèdit associades
665200000,Interessos per descompte d’efectes en altres entitats de crèdit vinculades
665300000,Interessos per descompte d’efectes en altres entitats de crèdit
665400000,Interessos per operacions de facturatge amb entitats de crèdit del grup
665500000,Interessos per operacions de facturatge amb entitats de crèdit associades
665600000,Interessos per operacions de facturatge amb altres entitats de crèdit vinculades
665700000,Interessos per operacions de facturatge amb altres entitats de crèdit
666000000,"Pèrdues en valors representatius de deute a llarg termini, empreses del grup"
666100000,"Pèrdues en valors representatius de deute a llarg termini, empreses associades"
666200000,"Pèrdues en valors representatius de deute a llarg termini, altres parts vinculades"
666300000,"Pèrdues en participacions i valors representatius de deute a llarg termini, altres empreses"
666500000,"Pèrdues en participacions i valors representatius de deute a curt termini, empreses del grup"
666600000,"Pèrdues en participacions i valors representatius de deute a curt termini, empreses associades"
666700000,"Pèrdues en valors representatius de deute a curt termini, altres parts vinculades"
666800000,"Pèrdues en valors representatius de deute a curt termini, altres empreses"
667000000,"Pèrdues de crèdits a llarg termini, empreses del grup"
667100000,"Pèrdues de crèdits a llarg termini, empreses associades"
667200000,"Pèrdues de crèdits a llarg termini, altres parts vinculades"
667300000,"Pèrdues de crèdits a llarg termini, altres empreses"
667500000,"Pèrdues de crèdits a curt termini, empreses del grup"
667600000,"Pèrdues de crèdits a curt termini, empreses associades"
667700000,"Pèrdues de crèdits a curt termini, altres parts vinculades"
667800000,"Pèrdues de crèdits a curt termini, altres empreses"
668000000,Diferències negatives de canvi
669000000,Altres despeses financeres
670000000,Pèrdues procedents de l’immobilitzat intangible
671000000,Pèrdues procedents de l’immobilitzat material
672000000,Pèrdues procedents de les inversions immobiliàries
673300000,"Pèrdues procedents de participacions a llarg termini, empreses del grup"
673400000,"Pèrdues procedents de participacions a llarg termini, empreses associades"
673500000,"Pèrdues procedents de participacions a llarg termini, altres parts vinculades"
675000000,Pèrdues per operacions amb obligacions pròpies
678000000,Despeses excepcionals
678000001,Donatius (despesa)
678000002,Indemnitzacions assegurances
678000003,Indemnitzacions clientes
680000000,Amortización del inmovilizado intangible
681000000,Amortització de l’immobilitzat material
681010000,Amortització adscrites al FEFP
681100000,Amortització de construccions
681200000,Amortització d’instal·lacions tècniques
681300000,Amortització de maquinària
681400000,Amortització d’utillatge
681500000,Amortització d’altres instal·lacions
681600000,Amortització de mobiliari
681700000,Amortització d’equips per a processos d’informació
681800000,Amortització d’elements de transport
681900000,Amortització d’altre immobilitzat
682000000,Amortització de les inversions immobiliàries
690000000,Pèrdues per deteriorament de l’immobilitzat intangible
691000000,Pèrdues per deteriorament de l’immobilitzat material
692000000,Pèrdues per deteriorament de les inversions immobiliàries
693000000,Pèrdues per deteriorament de productes acabats i en curs de fabricació
693100000,Pèrdues per deteriorament de mercaderies
693200000,Pèrdues per deteriorament de primeres matèries
693300000,Pèrdues per deteriorament d’altres aprovisionaments
694000000,Pèrdues per deteriorament de crèdits per operacions comercials
695400000,Dotació a la provisió per contractes onerosos
695900000,Dotació a la provisió per a altres operacions comercials
696000000,"Pèrdues per deteriorament de participacions en instruments de patrimoni net a llarg termini, empreses del grup"
696100000,"Pèrdues per deteriorament de participacions en instruments de patrimoni net a llarg termini, empreses associades"
696200000,"Pèrdues per deteriorament de participacions en instruments de patrimoni net a llarg termini, altres parts vinculades"
696300000,"Pèrdues per deteriorament de participacions en instruments de patrimoni net a llarg termini, altres empreses"
696500000,"Pèrdues per deteriorament en valors representatius de deute a llarg termini, empreses del grup"
696600000,"Pèrdues per deteriorament en valors representatius de deute a llarg termini, empreses associades"
696700000,"Pèrdues per deteriorament en valors representatius de deute a llarg termini, altres parts vinculades"
696800000,"Pèrdues per deteriorament en valors representatius de deute a llarg termini, d’altres empreses"
697000000,"Pèrdues per deteriorament de crèdits a llarg termini, empreses del grup"
697100000,"Pèrdues per deteriorament de crèdits a llarg termini, empreses associades"
697200000,"Pèrdues per deteriorament de crèdits a llarg termini, altres parts vinculades"
697300000,"Pèrdues per deteriorament de crèdits a llarg termini, altres empreses"
698000000,"Pèrdues per deteriorament de participacions en instruments de patrimoni net a curt termini, empreses del grup"
698100000,"Pèrdues per deteriorament de participacions en instruments de patrimoni net a curt termini, empreses associades"
698500000,"Pèrdues per deteriorament en valors representatius de deute a curt termini, empreses del grup"
698600000,"Pèrdues per deteriorament en valors representatius de deute a curt termini, empreses associades"
698700000,"Pèrdues per deteriorament en valors representatius de deute a curt termini, altres parts vinculades"
698800000,"Pèrdues per deteriorament en valors representatius de deute a curt termini, d’altres empreses"
699000000,"Pèrdues per deteriorament de crèdits a curt termini, empreses del grup"
699100000,"Pèrdues per deteriorament de crèdits a curt termini, empreses associades"
699200000,"Pèrdues per deteriorament de crèdits a curt termini, altres parts vinculades"
699300000,"Pèrdues per deteriorament de crèdits a curt termini, altres empreses"
700000000,VENDES ENERGIA comercialització
700000010,VENDES ENERGIA generació Pool
700000020,VENDES ENERGIA generació Prima
700000301,VENDA ENERGIA MEFF Balears
700000300,VENDES ENERGIA MEFF (Peninsula)
700000003,Vendes Garanties D'origen (GDO)
700000004,VENDES PENDENTS FACTURACIÓ (ajust estoc)
700000302,VENDA ENERGIA MEFF Canarias
700000006,BO SOCIAL REPERCUTIT
700000100,VENDES LLOGUER COMPTADORS
700000101,VENDES POTENCIA
700000102,VENDES ENERGIA REACTIVA
700000103,VENDES ALTRES CONCEPTES
700000005,VENDES ENERGIA EXCEDENTS AUTOCONSUM
700000106,INDEMNITZACIONS DISTRIS (SENSE IVA)
700000200,Ingresos Liquidacions PPA
700000400,VENDES ENERGIA (BATERIA VIRTUAL)
709000400,Rappels sobre ventas (Flux Solar)
700000700,Vendes Representacio OMIE - Mercat
700000701,Vendes Representacio CNMC - Prima
700100000,Vendes Intracomunitaries
705000000,Prestacions de serveis SPVs
705000401,Serveis Gestió Actius
705000701,REPRESENTACIÓ venda de serveis
705000702,REPRESENTACIÓ venda OS
705000703,REPRESENTACIÓ venda OM
705000500,Vendes Serveis Autoproducció
705000104,Serveis GURB Quota entrada
705000105,Serveis GURB Quota mensual
705000600,Serveis Promocio Instal.lacions Renovables
705000200,Vendes Serveis recupera el sòl (GLs)
705000300,Serveis a Som Comunitats
705000301,Serveis a Coordinadora a CCEE
705000302,Serveis de Xarxa d'empreses instal.ladores
705000400,Vendes Serveis a Tercers
705100000,Prestacions de serveis Intracomunitaris
710000003,ESTOC PEATGES ENERGIA
710000004,ESTOC PEATGES POTENCIA
730000000,Treballs realitzats per a l’immobilitzat intangible
731000000,Treballs realitzats per a l’immobilitzat material
732000000,Treballs realitzats en inversions immobiliàries
733000000,Treballs realitzats per a l’immobilitzat material en curs
737000000,"Trabajos realizados para el Fondo de Educación, Formación y Promoción a largo plazo"
778000001,Donatiu Voluntari
740000000,Subvencions
740000001,Subvencions Singulars
778000002,Donacions per interessos aportacions
778000003,Donatius socis
752000000,Ingressos per arrendaments
755000000,Ingressos per serveis al personal
756000000,Ingressos per serveis diversos amb socis
757300000,Altres ingressos imputables al FEFP
757000000,Sancions imposades a socis imputables al FEFP
757100000,Subvencions imputables al FEFP
757200000,Donacions imputables al FEFP
759000000,Ingressos per serveis diversos
759000001,Ingressos per Conferències
759000002,Ingressos per Conferències (sense IVA)
759000011,Ingresos Escola (IVA)
759000099,Recobro comissions devol.
759000012,Ingressos entrega material GLs
760000000,"Ingressos de participacions en instruments de patrimoni, EEGG"
760100000,"Ingressos de participacions en instruments de patrimoni, empreses associades"
760200000,"Ingressos de participacions en instruments de patrimoni, altres parts vinculades"
760300000,"Ingressos de participacions en instruments de patrimoni, altres empreses"
761000000,"Ingressos de valors representatius de deute, EEGG"
761100000,"Ingressos de valors representatius de deute, empreses associades"
761200000,"Ingressos de valors representatius de deute, altres parts vinculades"
761300000,"Ingressos de valors representatius de deute, altres empreses"
762000000,"Ingressos de crèdits a llarg termini, EEGG"
762000100,Ingresos interesos Préstecs Participatius
762010000,"Ingressos de crèdits a llarg termini, empreses associades"
762020000,"Ingressos de crèdits a llarg termini, altres parts vinculades"
762030000,"Ingressos de crèdits a llarg termini, altres empreses"
762100000,"Ingressos de crèdits a curt termini, EEGG"
762110000,"Ingressos de crèdits a curt termini, empreses associades"
762120000,"Ingressos de crèdits a curt termini, altres parts vinculades"
762130000,"Ingressos de crèdits a curt termini, altres empreses"
769000099,Altres ingressos financers
769000000,Interessos Arquia Bank
769000002,Interessos Caixa Popular
769000004,Interessos Triodos Bank
769000005,Interessos Caixa Enginyers
769000007,Interessos Caja Laboral Kutxa
769000009,Interessos CaixaBank
769000011,Interessos Fiare
769000012,Interessos Cajamar
769000015,Interessos Bankinter
769000016,Interessos Banca March
769000100,Interessos bancaris (altres)
769000101,INTERESSOS  PROVISIONATS
769000200,Ingressos financers PPAs
769000400,INTERESSOS  OMIE
769000300,INTERESSOS  MEFF
770000000,Beneficis procedents de l’immobilitzat intangible
771000000,Beneficis procedents de l’immobilitzat material
772000000,Beneficis procedents de les inversions immobiliàries
773300000,"Beneficis procedents de participacions a llarg termini, empreses del grup"
773400000,"Beneficis procedents de participacions a llarg termini, empreses associades"
773500000,"Beneficis procedents de participacions a llarg termini, altres parts vinculades"
774000000,Diferència negativa en combinacions de
775000000,Beneficis per operacions amb obligacions propies
778000000,Ingressos Excepcionals
790000000,Reversió del deteriorament de l’immobilitzat intangible
791000000,Reversió del deteriorament de l’immobilitzat material
794000000,Reversió del deteriorament de crèdits per operacions comercials
796000000,"Reversió del deteriorament de participacions en instruments de patrimoni net a llarg termini, empreses del grup"
796100000,"Reversió del deteriorament de participacions en instruments de patrimoni net a llarg termini, empreses associades"
796500000,"Reversió del deteriorament de valors representatius de deute a llarg termini, empreses del grup"
796600000,"Reversió del deteriorament de valors representatius de deute a llarg termini, empreses associades"
796700000,"Reversió del deteriorament de valors representatius de deute a llarg termini, altres parts vinculades"
796800000,"Reversió del deteriorament de valors representatius de deute a llarg termini, altres empreses"
797000000,"Reversió del deteriorament de crèdits a llarg termini, empreses del grup"
797100000,"Reversió del deteriorament de crèdits a llarg termini, empreses associades"
797200000,"Reversió del deteriorament de crèdits a llarg termini, altres parts vinculades"
797300000,"Reversió del deteriorament de crèdits a llarg termini, altres empreses"
798000000,"Reversió del deteriorament de participacions en instruments de patrimoni net a curt termini, empreses del grup"
798100000,"Reversió del deteriorament de participacions en instruments de patrimoni net a curt termini, empreses associades"
798500000,"Reversió del deteriorament en valors representatius de deute a curt termini, empreses del grup"
798600000,"Reversió del deteriorament en valors representatius de deute a curt termini, empreses associades"
798700000,"Reversió del deteriorament en valors representatius de deute a curt termini, altres parts vinculades"
798800000,"Reversió del deteriorament en valors representatius de deute a curt termini, altres empreses"
799000000,"Reversió del deteriorament de crèdits a curt termini, empreses del grup"
799100000,"Reversió del deteriorament de crèdits a curt termini, empreses associades"
799200000,"Reversió del deteriorament de crèdits a curt termini, altres parts vinculades"
799300000,"Reversió del deteriorament de crèdits a curt termini, altres empreses"
