old_code,odoo_account_code
100000000000,100000000
100100000000,100100000
112000000001,112000001
113000000000,113000000
113000000001,113000001
114600000000,114600000
129000000000,129000000
130000000001,130000000
148000000000,148000000
163000000000,163000000
163500000000,163500000
170000000013,170000013
172000000014,172000014
180000000006,180000000
180000000007,180000000
180000000008,180000000
180000000009,180000000
180000000010,180000000
180000000011,180000000
180000000013,180000000
180000000014,180000000
180000000015,180000000
180000000016,180000000
180000000017,180000000
180000000019,180000000
180000000020,180000000
180000000021,180000000
180000000022,180000000
180000000024,180000000
180000000025,180000000
180000000026,180000000
180000000027,180000000
180000000028,180000000
180000000029,180000000
180000000030,180000000
180000000031,180000000
180000000032,180000000
180000000033,180000000
180000000034,180000000
180000000035,180000000
180000000036,180000000
180000000037,180000000
180000000038,180000000
180000000039,180000000
180000000040,180000000
180000000041,180000000
180000000042,180000000
201000000002,201000002
206000000008,206000008
206000000020,206000020
206000000021,206000021
206000000022,206000022
206000000023,206000023
206000000025,206000025
206000000026,206000026
206000000027,206000027
206000000028,206000028
206000000029,206000029
206000000030,206000030
206000000031,206000031
206000000032,206000032
206000000033,206000033
210000000003,210000003
211000000002,211000002
211000000003,211000003
212000000005,212000005
215000000000,215000000
215000000001,215000001
216000000019,555555555
216000000020,555555555
216000000021,555555555
216000000022,555555555
216000000023,555555555
216000000024,555555555
216000000025,555555555
216000000026,555555555
216000000027,555555555
216000000028,216000028
216000000029,216000029
216000000030,216000030
216000000031,216000031
216000000032,216000032
216000000033,216000033
216000000034,216000034
216000000036,216000036
216000000037,216000037
216000000038,216000038
216000000039,216000039
216000000040,216000040
216000000041,216000041
216000000042,216000042
217000000055,217000055
217000000061,217000061
217000000062,217000062
217000000063,217000063
217000000064,217000064
217000000065,217000065
217000000066,217000066
217000000067,217000067
217000000068,217000068
217000000069,217000069
217000000070,217000070
217000000071,217000071
217000000072,217000072
217000000073,217000073
217000000074,217000074
217000000075,217000075
217000000076,217000076
217000000077,217000077
217000000078,217000078
217000000079,217000079
217000000080,217000080
217000000082,217000082
217000000083,217000083
217000000084,217000084
217000000085,217000085
217000000086,217000086
217000000087,217000087
219000000033,219000033
219000000034,219000034
219000000035,219000035
219000000036,219000036
231000000002,231000002
231000000004,231000004
240300000001,240300000
240300000002,240300000
240300000003,240300000
240300000004,240300000
240300000005,240300000
240300000006,240300000
240300000007,240300000
240300000008,240300000
240300000009,240300000
240300000010,240300000
240300000011,240300000
240300000012,240300000
240300000013,240300000
240300000014,240300000
240300000015,240300000
240300000016,240300000
240300000017,240300000
240300000018,240300000
240300000019,240300000
240300000020,240300000
240300000021,240300000
240300000022,240300000
240400000001,240400000
240400000003,240400000
240400000004,240400000
240500000001,240500000
240500000002,240500000
240500000003,240500000
240500000004,240500000
240500000005,240500000
240500000006,240500000
240500000007,240500000
240500000008,240500000
240500000009,240500000
240500000010,240500000
240500000011,240500000
240500000012,240500000
240500000013,240500000
240500000014,240500000
240500000015,240500000
240500000016,240500000
240500000017,240500000
242300000001,242300000
242300000003,242300000
242300000005,242300000
242300000008,242300000
242300000012,242300000
242300000013,242300000
242300000015,242300000
242300000017,242300000
242300000019,242300000
242300000021,242300000
242310000005,242310000
242310000006,242310000
242310000007,242310000
242310000009,242310000
242310000010,242310000
242310000011,242310000
242310000013,242310000
242310000014,242310000
242310000015,242310000
242310000016,242310000
242310000017,242310000
242310000018,242310000
242310000019,242310000
242310000021,242310000
242320000001,242320000
242320000011,242320000
242400000003,242400000
242400000004,242400000
250000000008,250000000
252000000003,252000000
265000000002,265000000
265000000004,265000000
265000000005,265000000
265000000007,265000000
280100000002,280100002
280600000008,280600008
280600000020,280600020
280600000021,280600021
280600000022,280600022
280600000023,280600023
280600000025,280600025
280600000026,280600026
280600000027,280600027
280600000028,280600028
280600000029,280600029
280600000030,280600030
280600000031,280600031
280600000032,280600032
280600000033,280600033
281100000000,281100000
281100000002,281100002
281100000003,281100003
281200000005,281200005
281500000001,281500001
281600000016,555555555
281600000017,555555555
281600000018,555555555
281600000019,555555555
281600000020,555555555
281600000021,555555555
281600000022,555555555
281600000023,555555555
281600000024,555555555
281600000025,555555555
281600000026,555555555
281600000027,555555555
281600000028,281600028
281600000029,281600029
281600000030,281600030
281600000031,281600031
281600000032,281600032
281600000033,281600033
281600000034,281600034
281600000036,281600036
281600000037,281600037
281600000038,281600038
281600000039,281600039
281600000040,281600040
281600000041,281600041
281700000053,281700053
281700000054,281700054
281700000055,281700055
281700000056,281700056
281700000057,281700057
281700000058,281700058
281700000059,281700059
281700000060,281700060
281700000061,281700061
281700000062,281700062
281700000063,281700063
281700000064,281700064
281700000065,281700065
281700000066,281700066
281700000067,281700067
281700000068,281700068
281700000069,281700069
281700000070,281700070
281700000071,281700071
281700000072,281700072
281700000073,281700073
281700000074,281700074
281700000075,281700075
281700000076,281700076
281700000077,281700077
281700000078,281700078
281700000079,281700079
281700000080,281700080
281700000082,281700082
281700000083,281700083
281700000084,281700084
281900000033,281900033
281900000034,281900034
281900000035,281900035
281900000036,281900036
293300000002,293000002
293300000004,293300004
293300000005,293300005
293300000006,293300006
293300000007,293300007
293300000009,293300009
293300000010,293300010
293300000011,293300011
293300000013,293300013
293300000014,293300014
293300000017,293300017
293300000018,293300018
294300000009,294300009
294300000010,294300010
294300000011,294300011
294300000014,294300014
400000000000,400000100
400000000003,400000000
400000000005,400000100
400000000010,400000000
400000000013,400000000
400000000014,400000100
400000000015,400000100
400000000016,400000100
400000000017,400000100
400000000018,400000100
400000000019,400000100
400000000020,400000100
400000000021,400000100
400000000022,400000000
400000000023,400000100
400000000024,400000100
400000000025,400000100
400000000026,400000100
400000000027,400000100
400000000028,400000100
400000000029,400000100
400000000032,400000100
400000000033,400000100
400000000034,400000100
400000000036,400000100
400000000037,400000100
400000000038,400000100
400000000039,400000100
400000000040,400000100
400000000041,400000100
400000000042,400000100
400000000043,400000100
400000000044,400000100
400000000045,400000100
400000000046,400000100
400000000047,400000100
400000000048,400000100
400000000049,400000100
400000000050,400000100
400000000051,400000100
400000000052,400000100
400000000053,400000100
400000000054,400000100
400000000055,400000100
400000000056,400000100
400000000066,400000000
400000000067,400000000
400000000070,400000000
400000000071,400000700
400000000074,400000000
400000000078,400000200
400000000082,400000300
400000000086,400000000
400000000092,400000000
400000000095,400000000
400000000104,400000000
400000000105,400000000
400000000111,400000000
400000000112,400000000
400000000113,400000000
400000000136,400000000
400000000143,400000700
400000000144,400000000
400000000145,400000000
400000000150,400000000
400000000161,400000000
400000000172,400000000
400000000200,400000000
400000000201,400000100
400000000202,400000100
400000000203,400000100
400000000204,400000100
400000000205,400000100
400000000207,400000100
400000000208,400000100
400000000209,400000100
400000000210,400000100
400000000211,400000100
400000000212,400000100
400000000213,400000100
400000000214,400000100
400000000215,400000100
400000000216,400000100
400000000217,400000100
400000000218,400000100
400000000219,400000100
400000000221,400000100
400000000222,400000100
400000000223,400000100
400000000224,400000100
400000000225,400000100
400000000226,400000100
400000000227,400000100
400000000228,400000100
400000000229,400000100
400000000230,400000100
400000000232,400000100
400000000233,400000100
400000000234,400000100
400000000235,400000100
400000000236,400000100
400000000237,400000100
400000000238,400000100
400000000239,400000100
400000000243,400000100
400000000244,400000100
400000000245,400000100
400000000247,400000100
400000000248,400000100
400000000249,400000100
400000000250,400000100
400000000251,400000100
400000000252,400000100
400000000253,400000100
400000000254,400000100
400000000255,400000100
400000000256,400000100
400000000258,400000100
400000000259,400000100
400000000261,400000100
400000000262,400000100
400000000263,400000100
400000000264,400000100
400000000266,400000100
400000000267,400000100
400000000268,400000100
400000000270,400000100
400000000271,400000100
400000000272,400000100
400000000274,400000100
400000000276,400000100
400000000279,400000100
400000000280,400000100
400000000281,400000100
400000000282,400000100
400000000283,400000100
400000000284,400000100
400000000285,400000100
400000000286,400000100
400000000287,400000100
400000000288,400000100
400000000290,400000100
400000000292,400000100
400000000294,400000100
400000000295,400000100
400000000296,400000100
400000000297,400000100
400000000298,400000100
400000000299,400000100
400000000302,400000700
400000000305,400000000
400000000313,400000000
400000000315,400000000
400000000317,400000000
400000000319,400000000
400000000336,400000700
400000000338,400000000
400000000343,400000000
400000000344,400000000
400000000353,400000000
400000000370,400000000
400000000387,400000000
400000000391,400000700
400000000419,400000000
400000000443,400000000
400000000446,400000000
400000000453,400000000
400000000456,400000000
400000000462,400000000
400000000472,400000000
400000000496,400000400
400000000498,400000000
400000000505,400000000
400000000536,400000000
400000000537,400000000
400000000540,400000000
400000000558,400000000
400000000566,400000000
400000000572,400000500
400000000579,400000000
400000000583,400000000
400000000584,400000000
400000000587,400000000
400000000593,400000000
400000000594,400000000
400000001312,400000000
400000001314,400000000
400000001315,400000000
400000001323,400000000
400000001327,400000400
400000001328,400000000
400000001331,400000000
400000001387,400000000
400000000608,400000600
400000000609,400000600
400000000618,400000600
400000000625,400000600
400000000630,400000600
400000000632,400000600
400000000725,400000000
400000000728,400000000
400000000746,400000000
400000000749,400000700
400000000762,400000000
400000000767,400000000
400000000787,400000000
400000000791,400000000
400000000803,400000000
400000000815,400000000
400000000826,400000000
400000000870,400000000
400000000876,400000000
400000000878,400000700
400000000883,400000000
400000000884,400000000
400000000900,400000100
400000000902,400000100
400000000908,400000100
400000000909,400000100
400000000910,400000100
400000000911,400000100
400000000912,400000100
400000000913,400000100
400000000914,400000100
400000000915,400000100
400000000917,400000100
400000000919,400000100
400000000921,400000100
400000000922,400000100
400000000923,400000100
400000000924,400000100
400000000926,400000100
400000000927,400000100
400000000930,400000100
400000000931,400000100
400000000932,400000100
400000000934,400000100
400000000935,400000100
400000000937,400000100
400000000938,400000100
400000000939,400000100
400000000941,400000100
400000000943,400000100
400000000944,400000100
400000000946,400000100
400000000948,400000100
400000000949,400000100
400000000950,400000100
400000000951,400000100
400000000952,400000100
400000000953,400000100
400000000954,400000100
400000001013,400000000
400000001015,400000000
400000001038,400000000
400000001040,400000000
400000001064,400000000
400000001080,400000000
400000001107,400000700
400000001130,400000000
400000001133,400000000
400000001165,400000000
400000001167,400000000
400000001172,400000000
400000001183,400000000
400000001187,400000000
400000001214,400000700
400000001224,400000000
400000001231,400000700
400000001244,400000000
400000001245,400000000
400000001249,400000000
400000001267,400000000
400000001269,400000000
400000001271,400000000
400000001275,400000000
400000001278,400000000
400000001282,400000000
400000001284,400000000
400000001288,400000000
400000001289,400000000
400000001300,400000000
400000001305,400000000
400000001335,400000000
400000001343,400000000
400000001344,400000000
400000001345,400000000
400000001349,400000000
400000001353,400000000
400000001358,400000000
400000001375,400000100
400000001376,400000100
400000001377,400000100
400000001378,400000100
400000001380,400000100
400000001381,400000100
400000001382,400000100
400000001383,400000000
400000001384,400000000
400000001385,400000100
400000001386,400000100
400000001388,400000100
400000001389,400000100
400000001390,400000100
400000001391,400000100
400000001392,400000100
400000001393,400000100
400000001394,400000100
400000001395,400000100
400000001396,400000100
400000002000,400000000
400112000005,400000700
400880000007,400000000
400900000000,400900100
400900000001,400900200
400900000002,400900800
403000000000,403000000
410000000000,410000000
410000000002,410000100
410900000000,410900000
410900000002,410900000
410900000004,410900000
410900000005,410900000
410900000400,410900000
410900000500,410900900
411000000000,555555555
411000000007,555555555
419000000001,419000000
430000000000,430000000
430000000010,430000000
430000000583,555555555
430900000000,430900000
430900000002,430900000
431000000000,431000000
431200000000,431000200
431500000000,436000200
436000000000,436000000
436000000099,431000100
438000000107,438000000
440000000001,440000000
460000000011,460000000
465000000000,465000000
470000000000,470000000
470000000001,470000001
470000000002,470000003
470000000003,470000002
470000000004,470000004
470800000009,470800009
470800000013,470800013
470800000014,470800014
470900000000,470900000
470900000004,470900004
470900000002,470900003
470900000003,470900002
472003000000,472003100
472005000000,472005100
472007000000,472007100
472004000000,472004000
472010000000,472010000
472000000021,472021001
472021000000,472021000
472021000001,472021002
473000000002,473000002
473000000005,473000005
473000000006,473000006
473000000009,473000009
473000000012,473000012
473000000015,473000015
473000000016,473000013
473000000100,473000100
473000000300,473000300
473000000301,473000301
473015000000,473111015
473019000000,473111019
474200000000,474200000
474500002023,474500023
474500002024,474500024
474500002025,474500025
474600000000,474600000
475000000000,475000000
475100000000,475100000
475100000001,475111000
475107000000,475111007
475115000000,475111015
475119000000,475111019
475119000001,475123001
475119000003,475123002
475121000001,475123000
475150000000,475150000
475150000001,475150001
475150202301,475150231
475150202302,475150232
475150202303,475150233
475150202304,475150234
475150202401,475150241
475150202402,475150242
475150202403,475150243
475150202404,475150244
475150202501,475150251
475150202502,475150252
475150202503,475150253
475150202504,475150254
475150202601,475150261
475150202602,475150262
475150202603,475150263
475150202604,475150264
475600000000,475600100
475600000001,475600000
475600000002,475600003
475600000003,475600002
475600000004,475600004
475600000005,475600001
475701000000,475000100
475900000000,475900000
476000000000,476000000
477003000000,477003100
477007000000,477007100
477005000000,477005000
477010000000,477010000
477021000000,477021000
477000000021,477021001
477021000001,477021002
479000000001,479000001
480000000003,480000000
490000000003,490000000
520000000013,520000013
520100000005,520100005
520100000011,520100011
520100000012,520100012
521000000000,521000000
521000000001,521000001
521000000094,521100000
521000000095,521100001
521000000096,521100002
521000000100,521100003
521000000101,521100004
521000000102,521100005
521000000103,521100006
521000000104,521100007
521000000105,521100008
521000000106,521100009
528000009999,528000000
532300000001,532300000
532300000002,532300000
532300000005,532300000
532300000008,532300000
532300000012,532300000
532300000015,532300000
532400000003,532400000
532400000004,532400000
540000000007,540000000
542000000003,532400000
542000000005,542000000
547000000011,547011000
547000000021,547015001
547000000022,547005001
547000000024,547015002
547000000025,547400003
547000000026,547400001
548000000014,548012001
548000000020,548012002
548000000024,548015001
548000000025,548015002
548000000026,548005001
548000000027,548005002
548000000028,548007001
548000000029,548005003
552300000001,552300000
552300000002,552300000
552300000003,552300000
552300000004,552300000
552300000005,552300000
552300000006,552300000
552300000007,552300000
552300000008,552300000
552300000009,552300000
552300000010,552300000
552300000011,552300000
552300000012,552300000
552300000013,552300000
552300000014,552300000
552300000015,552300000
552300000016,552300000
552300000017,552300000
552300000018,552300000
552300000019,552300000
552300000020,552300000
552300000021,552300000
552300000022,552300000
552400000004,552400000
555000000000,555000000
555000000001,555000001
555000000002,555000002
555000000003,555000003
555000000004,555000004
555000000006,555000006
555000000007,555000007
555000000008,555000008
555000000009,555000009
555000000011,555000011
555000000013,555000013
565000000001,565000300
565000000010,565000010
565000000016,565000016
570000000000,570000000
570000000002,570000002
570000000004,570000004
570000000094,555555555
572000000000,572000000
572000000002,572000002
572000000004,572000004
572000000005,572000005
572000000007,572000007
572000000008,572000008
572000000009,572000009
572000000010,572000010
572000000011,572000011
572000000012,572000012
572000000013,572000013
572000000014,555555555
572000000015,572000015
572000000016,572000016
572000000100,572000100
572000000102,572000102
572000000103,572000103
572000000104,572000104
572000000107,572000107
600000000000,600000000
600000000001,600000001
600000000002,600000002
600000000003,600000003
600000000004,555555555
600000000005,555555555
600000000006,555555555
600000000007,555555555
600000000008,600000003
600000000009,555555555
600000000010,600000010
600000000011,600000009
600000000012,600000012
600000000026,600000011
600000000027,600000008
600000000100,600000100
600000000101,600000101
600000000102,600000102
600000000103,600000103
600000000104,600000104
600000000200,600000200
600000000300,600000300
600000000301,600000500
600000000308,600000400
600000000400,600000400
600000000500,600000500
600000000501,600000501
600000000503,600000600
600000000600,600000600
600000000701,600700001
600000000702,600700002
600000000745,600000013
601000000000,601000000
602000000000,602000000
606000000000,606000000
606100000000,606100000
606200000000,606200000
607000000000,607000000
607000000030,607000002
608000000000,608000000
608100000000,608100000
608200000000,608200000
609000000000,609000000
609100000000,609100000
609200000000,609200000
610000000000,555555555
610000000003,555555555
610000000004,555555555
611000000000,611000000
612000000000,612000000
620000000000,620000000
621000000000,621000000
621000000003,621000001
621000000001,621000003
622000000000,622000000
622000000001,623000018
622000000014,623000018
622000000021,622000001
622000000015,622000000
622000000019,629000019
622000000020,622000018
623000000000,623000099
623000000001,623000002
623000000002,555555555
623000000003,623000001
623000000004,623000004
623000000007,623000011
623000000008,623000001
623000000009,623000014
623000000010,623000007
623000000012,623000000
623000000014,623000015
623000000018,623000016
623000000019,623000050
623000000020,623000017
623000000023,623000038
623000000025,629000013
623000000027,623000007
623000000029,623000099
623000000031,623000099
623000000035,623000027
623000000201,623000019
623000000300,623300000
623000000400,623400000
624000000000,624000000
624000000001,624000001
624000000004,624000002
625000000000,625000000
625000000001,625000001
626000000000,626000000
626000000001,626000000
626000000002,626000000
626000000005,626000009
626000000007,626000000
626000000012,626000000
626000000099,626000009
626000000200,626000006
626000000201,626000000
626000000202,626000003
627000000000,627000000
627000000003,627000004
627000000004,627000000
627000000001,627000003
627000000014,627000012
627000000015,627000006
627000000016,627000000
627000000018,627000018
627000000024,627000005
627000000025,627000002
627000000200,627000011
627000000201,627000011
628000000001,628000001
628000000002,629000000
628000000019,628000009
628000000020,628000000
628000000012,629000003
628000000100,629000002
629000000000,629000099
629000000003,623000022
629000000006,629000004
629000000008,629000021
629000000012,623000016
629000000013,555555555
629000000016,627000005
629000000018,629000036
629000000020,629000021
629000000023,627000004
629000000024,623000027
629000000025,555555555
629000000026,623000028
629000000028,627000006
629000000029,649000000
629000000030,623000030
629000000031,629000031
629000000033,629000033
629000000040,629000020
629000000041,555555555
629000000050,623000017
629000000087,623000005
629000000090,649000000
629000000091,649000001
629000000094,555555555
629000000095,629000012
629000000096,629000021
629000000097,649000001
629000000098,555555555
629000000099,623000020
629000000100,649000000
629000000101,649000000
629000000102,629000028
629000000103,649000002
629000000104,649000099
629000000105,629000030
629000000106,629000030
629000000108,555555555
629000000109,555555555
629000000200,623000018
629000000201,627000004
629000000203,629000022
629000000204,621000100
629000000205,629000005
629000000206,629000005
629000000207,629000006
629000000208,629000005
629000000209,555555555
629000000210,627000008
629000000213,629000008
629000000214,629000008
629000000215,649000099
629000000216,649000099
629000000217,623000008
629000000218,600000003
629000000219,555555555
629000000220,623000031
629000000221,629000028
629000000222,623000020
629000000223,555555555
629000000224,555555555
629000000227,555555555
629000000228,555555555
629000000229,629000200
629010000001,600000600
629030000000,555555555
629030000001,555555555
629030000002,555555555
629030000003,555555555
629030000004,555555555
629030000008,555555555
629040000000,555555555
629040000001,629000009
629050000000,629000005
629050000001,629000007
629050000002,629000007
629050000003,555555555
629060000001,629000009
629060000002,629000009
629060000003,629000009
629060000004,629000009
629060000005,629000009
629060000006,629000009
629060000007,629000009
629060000008,629000009
629060000009,629000009
629060000010,629000009
629060000011,629000009
629060000012,629000009
629060000013,629000009
629060000014,629000009
629060000015,629000009
629060000016,629000009
629060000017,629000009
629060000018,629000009
629060000019,629000009
629060000020,629000009
629060000021,629000009
629060000022,629000009
629060000023,629000009
629060000024,629000009
629060000025,629000009
629060000026,629000009
629060000027,629000009
629060000028,629000009
629060000029,629000009
629060000030,629000009
629060000031,629000009
629060000032,629000009
629060000033,629000009
629060000034,629000009
629060000035,629000009
629060000036,629000009
629060000037,629000009
629060000038,629000009
629060000039,629000009
629060000040,629000009
629060000041,629000009
629060000042,629000009
629060000043,629000009
629060000044,629000009
629060000045,629000009
629060000046,629000009
629060000047,629000009
629060000100,629100009
629060000101,629100009
629090000001,629000014
629090000002,555555555
629090000003,623000011
629090000004,623000011
629090000005,623000011
629700000000,629000016
629700000001,629000016
629700000002,629000016
629700000003,629000016
629700000004,629000016
629700000005,555555555
629700000006,629000016
629700000007,629000016
629700000008,629000016
629700000009,629000016
629700000010,629000016
629800000000,555555555
629880000002,555555555
629880000003,629000032
629880000004,555555555
629880000005,555555555
629880000006,555555555
629880000007,555555555
629880000008,555555555
629880000009,555555555
629880000010,555555555
629880000011,555555555
629880000012,555555555
629880000013,555555555
629880000014,555555555
629880000015,555555555
629880000016,629000099
629880000017,555555555
629880000018,555555555
629880000019,555555555
629880000020,629000035
629880000021,555555555
629880000022,629000010
629880000023,623000013
629880000024,629000034
629880000025,555555555
629890000000,555555555
629900000000,555555555
629900000001,623000027
629000000301,629000301
630000000000,630000000
630100000000,630100000
631000000000,555555555
631000000001,555555555
631000000003,631000002
631000000004,631000001
631000000005,555555555
631000000006,629000014
631000000007,555555555
631000000008,555555555
631000000009,631000002
631000000011,623000011
631000000012,631000002
634200000000,634200000
636000000000,636000000
638000000000,638000000
639100000000,639100000
639200000000,639200000
640000000000,640000000
641000000000,641000000
642000000000,642000000
643000000000,643000000
644000000000,644000000
644200000000,644200000
645000000000,645000000
645700000000,645700000
649000000000,649000000
650000000000,650000000
650000000001,650000001
651000000000,651000000
651100000000,651100000
657000000000,657000000
659000000000,659000000
660000000000,660000000
661000000000,661000000
661100000000,661100000
661200000000,661200000
661300000000,661300000
661500000000,661500000
661600000000,661600000
661700000000,661700000
661800000000,661800000
662000000000,662000000
662000000001,662400001
662000000002,662400002
662000000010,555555555
662000000100,662400100
662100000000,662100000
662200000000,662200000
662300000000,662000001
662300000001,662000002
662300000002,662300000
662400000000,662400000
663000000000,663000000
663100000000,663100000
663200000000,663200000
663300000000,663300000
664000000000,664000000
664100000000,664100000
664200000000,664200000
664300000000,664300000
665000000000,665000000
665100000000,665100000
665200000000,665200000
665300000000,665300000
665400000000,665400000
665500000000,665500000
665600000000,665600000
665700000000,665700000
666000000000,666000000
666100000000,666100000
666200000000,666200000
666300000000,666300000
666500000000,666500000
666600000000,666600000
666700000000,666700000
666800000000,666800000
667000000000,667000000
667100000000,667100000
667200000000,667200000
667300000000,667300000
667500000000,667500000
667600000000,667600000
667700000000,667700000
667800000000,667800000
668000000000,668000000
669000000000,669000000
669000000001,669000000
669000000200,555555555
670000000000,670000000
671000000000,671000000
672000000000,672000000
673300000000,673300000
673400000000,673400000
673500000000,673500000
675000000000,675000000
678000000000,678000000
678000000001,678000001
678000000002,678000002
678000000004,678000001
678000000100,678000003
680000000000,680000000
681000000000,681000000
682000000000,682000000
690000000000,690000000
691000000000,691000000
692000000000,692000000
693000000000,693000000
693100000000,693100000
693200000000,693200000
693300000000,693300000
694000000000,694000000
694000000001,555555555
694000000002,555555555
694000000003,694000000
695400000000,695400000
695900000000,695900000
696000000000,696000000
696100000000,696100000
696200000000,696200000
696300000000,696300000
696500000000,696500000
696600000000,696600000
696700000000,696700000
696800000000,696800000
697000000000,697000000
697100000000,697100000
697200000000,697200000
697300000000,697300000
698000000000,698000000
698100000000,698100000
698500000000,698500000
698600000000,698600000
698700000000,698700000
698800000000,698800000
699000000000,699000000
699100000000,699100000
699200000000,699200000
699300000000,699300000
700000000000,700000000
700000000001,700000301
700000000002,700000300
700000000004,700000004
700000000005,700000302
700000000006,700000006
700000000100,700000100
700000000101,700000101
700000000102,700000102
700000000103,700000103
700000000105,700000005
700000000106,700000106
700000000107,700000400
709000000000,709000400
700100000000,555555555
700000000701,700000700
700000000702,700000701
700200000000,700100000
705000000000,705000000
705000000001,555555555
705000000002,705000000
705000000005,705000000
705000000006,705000000
705000000007,705000000
705000000008,705000000
705000000009,705000000
705000000010,705000000
705000000011,705000000
705000000014,705000000
705000000015,705000000
705000000016,705000000
705000000020,705000401
705000000021,705000000
705000000022,705000000
705000000100,705000500
705000000101,555555555
705000000102,555555555
705000000103,555555555
705000000104,705000104
705000000105,705000105
705000000106,705000600
705000000150,555555555
705000000200,555555555
705000000201,705000200
705000000300,705000300
705000000301,705000301
705000000302,705000302
705000000400,705000400
705000000701,705000701
705000000725,705000702
705000000735,705000703
705100000000,705100000
705200000000,555555555
710000000000,555555555
710000000003,710000003
710000000004,710000004
730000000000,730000000
731000000000,731000000
732000000000,732000000
733000000000,733000000
737000000000,737000000
740000000000,778000001
740000000001,740000000
740000000002,740000000
740000000003,740000000
740000000004,740000000
740000000005,740000000
740000000013,740000001
740000000007,740000000
740000000008,740000001
740000000009,740000001
740000000010,740000001
740000000014,740000001
740000000099,778000002
746000000000,555555555
746000000001,778000003
752000000000,752000000
754000000000,705000302
755000000000,755000000
757000000000,757300000
759000000000,759000000
759000000001,759000001
759000000002,759000002
759000000003,759000000
759000000004,759000000
759000000005,759000000
759000000006,759000000
759000000007,759000000
759000000008,759000000
759000000009,700000003
759000000010,759000000
759000000011,759000011
759000000012,705000600
759000000099,759000099
759060000000,759000012
760000000000,760000000
760000000004,760000000
760100000000,760100000
760200000000,760200000
760300000000,760300000
761000000000,761000000
761100000000,761100000
761200000000,761200000
761300000000,761300000
762000000000,762000000
762000000002,762000000
762000000003,762000000
762000000005,762000000
762000000006,762000000
762000000007,762000000
762000000008,762000000
762000000009,762000000
762000000010,762000000
762000000011,762000000
762000000012,762000000
762000000013,762000000
762000000015,762000000
762000000016,762000000
762000000017,762000000
762000000020,762000000
762000000021,762000000
762000001000,762000100
762010000000,762010000
762010000001,762020000
762020000000,762020000
762030000000,762030000
762030000001,555555555
762100000000,762100000
762110000000,762110000
762120000000,762120000
762130000000,762130000
763000000000,555555555
763100000000,555555555
763200000000,555555555
763300000000,555555555
766000000000,555555555
766100000000,555555555
766200000000,555555555
766300000000,555555555
766500000000,555555555
766600000000,555555555
766700000000,555555555
766800000000,555555555
767000000000,555555555
768000000000,555555555
769000000000,769000099
769000000001,769000000
769000000002,769000002
769000000004,769000004
769000000005,769000005
769000000006,769000005
769000000007,769000000
769000000009,769000009
769000000011,769000011
769000000012,769000012
769000000015,769000015
769000000016,769000007
769000000017,769000016
769000000025,762110000
769000000100,769000100
769000000101,769000101
769000000200,769000200
769000000496,769000300
770000000000,770000000
771000000000,771000000
772000000000,772000000
773300000000,773300000
773400000000,773400000
773500000000,773500000
774000000000,774000000
775000000000,775000000
778000000000,778000000
778000000001,778000001
778000000002,778000000
778000000003,778000000
778000000004,778000000
778000000005,778000000
778000000006,778000000
778000000007,778000000
778000000008,778000000
778000000009,778000000
778000000010,778000000
778000000011,778000000
778000000012,778000000
778000000013,778000000
778000000014,778000000
778000000015,778000002
790000000000,790000000
791000000000,791000000
792000000000,555555555
793000000000,555555555
793100000000,555555555
793200000000,555555555
793300000000,555555555
794000000000,794000000
794000000001,555555555
794000000002,555555555
794000000003,555555555
795000000000,555555555
795100000000,555555555
795200000000,555555555
795440000000,555555555
795490000000,555555555
795500000000,555555555
795600000000,555555555
795700000000,555555555
796000000000,796000000
796100000000,796100000
796500000000,796500000
796600000000,796600000
796700000000,796700000
796800000000,796800000
797000000000,797000000
797100000000,797100000
797200000000,797200000
797300000000,797300000
798000000000,798000000
798100000000,798100000
798500000000,798500000
798600000000,798600000
798700000000,798700000
798800000000,798800000
799000000000,799000000
799100000000,799100000
799200000000,799200000
799300000000,799300000
